id,obs_date,ent_date,date_up,county,lat,lon,infest_acre,density,habitat,infest_index
4206190,03-14-15,03-17-15,2020-08-20,Union,37.52952,-89.27091,0.11,0.375,,0.04125
5251686,10-03-17,02-13-18,2020-08-20,Union,37.44452,-89.27229,0.09,0.625,,0.056249999999999994
8266463,08-17-19,08-17-19,2019-08-17,Johnson,37.42147,-88.88576,1.0,0.375,Edge: Trail,0.375
8277472,10-05-19,10-05-19,2019-10-05,DuPage,41.81564,-88.08406,0.06,0.04,,0.0024
8254292,08-05-19,08-05-19,2019-08-05,Cook,41.72081,-87.60272,0.36,0.55,,0.198
8501205,06-27-20,06-27-20,2020-06-27,DuPage,41.78944,-88.13051,5.3,0.04,,0.212
8558381,08-15-20,08-16-20,2020-08-16,Jo Daviess,42.41594,-90.42975,0.1,0.04,,0.004
8558382,08-15-20,08-16-20,2020-08-16,Jo Daviess,42.41622,-90.43033,0.05,0.04,,0.002
8558385,08-15-20,08-16-20,2020-08-16,Jo Daviess,42.41696,-90.42975,0.2,0.04,,0.008
8558386,08-15-20,08-16-20,2020-08-16,Jo Daviess,42.41745,-90.42901,0.1,0.04,,0.004
8559949,08-17-20,08-17-20,2020-08-17,Carroll,42.10219,-89.97892,0.31,0.15,,0.0465
8563090,08-20-20,08-21-20,2020-08-21,Union,37.5291,-89.20818,0.1,0.04,,0.004
8563088,08-20-20,08-21-20,2020-08-21,Union,37.53496,-89.20099,4.5,0.04,,0.18
8564639,08-21-20,08-21-20,2020-08-21,Williamson,37.6233,-89.11509,0.6,0.15,,0.09
8564642,08-21-20,08-21-20,2020-08-21,Union,37.56071,-89.11121,0.21,0.15,,0.0315
8564710,08-22-20,08-22-20,2020-08-22,Wayne,38.37891,-88.34613,0.23,0.04,,0.0092
8577407,09-03-20,09-04-20,2020-09-04,Jasper,38.99487,-88.16095,0.41,0.04,,0.016399999999999998
8570003,08-31-20,08-31-20,2020-08-31,Lee,41.84056,-89.48231,0.01,0.04,,0.0004
8496206,05-30-20,06-10-20,2020-06-10,Kane,41.8041,-88.32477,4.0,0.04,Edge: Trail,0.16
8496205,05-30-20,06-10-20,2020-06-10,Kane,41.80373,-88.32461,0.01,0.375,Edge: Trail,0.00375
8277500,10-06-19,10-06-19,2019-10-06,Kane,41.85493,-88.31087,0.02,0.375,Riparian,0.0075
8277501,10-06-19,10-06-19,2019-10-06,Kane,41.84456,-88.30655,0.02,0.375,Right-of-Way,0.0075
8277506,10-06-19,10-06-19,2019-10-06,Kane,41.85075,-88.30769,0.02,0.375,Floodplain,0.0075
8525500,07-13-20,07-13-20,2020-07-13,Kane,41.78914,-88.32273,0.04,0.15,,0.006
8170501,07-08-19,07-08-19,2019-07-08,Cook,41.75108,-87.88679,1.17,0.15,,0.1755
8170502,07-08-19,07-08-19,2019-07-08,Cook,41.76998,-87.74342,0.33,0.375,,0.12375
8170503,07-08-19,07-08-19,2019-07-08,Cook,41.77612,-87.80087,0.09,0.15,,0.0135
8170504,07-08-19,07-08-19,2019-07-08,Cook,41.75918,-87.70316,2.98,0.375,,1.1175
8170505,07-08-19,07-08-19,2019-07-08,Cook,41.83188,-87.70463,7.79,0.15,,1.1684999999999999
8170507,07-08-19,07-08-19,2019-07-08,Cook,41.83473,-87.66467,0.04,0.375,,0.015
8170508,07-08-19,07-08-19,2019-07-08,Cook,41.83654,-87.66323,0.13,0.375,,0.04875
8170509,07-08-19,07-08-19,2019-07-08,Cook,41.83896,-87.61226,6.35,0.15,,0.9524999999999999
8264916,08-13-19,08-13-19,2019-08-13,Cook,41.88457,-87.68735,85.59,0.15,Edge: Roadside,12.8385
8173581,07-16-19,07-16-19,2019-07-16,DuPage,41.97829,-88.05064,0.45,0.04,,0.018000000000000002
8173582,07-16-19,07-16-19,2019-07-16,Cook,42.11075,-88.04676,0.07,0.375,,0.026250000000000002
8269618,08-28-19,08-30-19,2019-08-30,McHenry,42.34595,-88.26928,0.3,0.15,Edge: Roadside,0.045
8269634,08-28-19,08-30-19,2020-06-25,Kane,42.04098,-88.29158,33.67,0.15,Edge: Roadside,5.0505
8269637,08-28-19,08-30-19,2020-06-25,Kane,41.99155,-88.29692,0.82,0.04,Edge: Roadside,0.032799999999999996
8172342,07-15-19,07-15-19,2019-07-15,Cook,41.67465,-87.53576,0.56,0.04,Forest,0.022400000000000003
8172343,07-15-19,07-15-19,2019-07-15,Cook,41.64534,-87.53952,25.5,0.375,,9.5625
8171224,07-10-19,07-11-19,2019-07-11,DuPage,41.89764,-87.96411,0.28,0.375,,0.10500000000000001
8171225,07-10-19,07-11-19,2019-07-11,Cook,42.13856,-87.91584,0.23,0.55,,0.12650000000000003
8171049,07-08-19,07-10-19,2019-07-10,Cook,41.85284,-87.64772,0.09,0.55,Edge: Roadside,0.0495
8171053,07-09-19,07-10-19,2019-07-10,Cook,41.8179,-87.86147,14.07,0.375,,5.27625
8171054,07-09-19,07-10-19,2019-07-10,Cook,41.87539,-87.83851,0.02,0.375,,0.0075
8266512,08-17-19,08-18-19,2020-07-07,Cook,41.63094,-87.63074,326.09,0.15,Developed/Disturbed area,48.91349999999999
8266513,08-17-19,08-18-19,2019-08-18,Will,41.42281,-87.74276,9.62,0.15,Developed/Disturbed area,1.4429999999999998
8266514,08-18-19,08-18-19,2019-08-18,DuPage,41.77355,-88.11014,0.94,0.15,Edge: Roadside,0.141
8266451,08-14-19,08-17-19,2019-08-17,Cook,41.84976,-87.75908,36.75,0.04,Developed/Disturbed area,1.47
8266454,08-17-19,08-17-19,2019-08-17,Cook,41.71576,-87.55127,0.2,0.15,Developed/Disturbed area,0.03
8266455,08-17-19,08-17-19,2019-08-17,Cook,41.71281,-87.55879,23.47,0.375,Developed/Disturbed area,8.80125
8266456,08-17-19,08-17-19,2019-08-17,Cook,41.70681,-87.60581,7.78,0.15,Developed/Disturbed area,1.167
8266457,08-17-19,08-17-19,2019-08-17,Cook,41.64661,-87.64138,30.09,0.15,Edge: Roadside,4.5135
8266458,08-17-19,08-17-19,2019-08-17,Cook,41.69556,-87.60872,117.78,0.15,Edge: Roadside,17.666999999999998
8266459,08-17-19,08-17-19,2019-08-17,Cook,41.68516,-87.6207,30.2,0.15,Developed/Disturbed area,4.529999999999999
8179475,07-20-19,08-01-19,2019-08-01,DuPage,41.86591,-88.10068,0.14,0.15,,0.021
8170497,07-01-19,07-08-19,2019-07-08,Will,41.58112,-88.08094,18.96,0.375,,7.11
8170499,07-01-19,07-08-19,2019-07-08,Cook,41.6852,-87.57548,1.04,0.375,,0.39
8170500,07-05-19,07-08-19,2019-07-08,DuPage,41.82197,-88.20257,5.13,0.15,,0.7695
8271494,09-05-19,09-09-19,2019-09-12,Cook,41.9616,-87.6742,1.58,0.375,Edge: Roadside,0.5925
8271497,09-08-19,09-09-19,2019-09-09,Cook,41.70677,-87.59479,448.44,0.15,Edge: Roadside,67.26599999999999
8271498,09-08-19,09-09-19,2019-09-09,Kankakee,41.16992,-87.65311,12.94,0.15,Developed/Disturbed area,1.9409999999999998
8271499,09-08-19,09-09-19,2019-09-09,Kankakee,41.06606,-87.61869,14.96,0.375,Developed/Disturbed area,5.61
8271500,09-09-19,09-09-19,2019-09-09,Will,41.52047,-88.19747,19.36,0.15,Developed/Disturbed area,2.904
8271501,09-09-19,09-09-19,2019-09-09,Will,41.60426,-88.2014,1.29,0.15,Edge: Roadside,0.1935
8271504,09-03-19,09-09-19,2019-09-09,Cook,41.65156,-87.61554,239.86,0.375,Edge: Roadside,89.9475
8271505,09-03-19,09-09-19,2020-07-07,Cook,41.64402,-87.63419,66.64,0.375,Edge: Roadside,24.990000000000002
8271506,09-03-19,09-09-19,2019-09-09,Cook,41.81825,-87.83283,36.4,0.15,Edge: Roadside,5.46
8268385,08-26-19,08-26-19,2019-08-26,Cook,41.68495,-88.0142,8.12,0.04,Edge: Roadside,0.3248
8268386,08-26-19,08-26-19,2019-08-26,Cook,41.67529,-88.00459,77.87,0.375,Developed/Disturbed area,29.20125
8179479,07-23-19,08-01-19,2019-08-01,Lake,42.32645,-87.83837,2.18,0.375,Edge: Roadside,0.8175000000000001
8179480,07-29-19,08-01-19,2019-08-01,Cook,41.71485,-87.55,0.48,0.15,,0.072
8179482,08-01-19,08-01-19,2019-08-01,Will,41.23035,-88.04981,0.36,0.15,,0.054
8179483,08-01-19,08-01-19,2019-08-01,Will,41.49806,-88.10258,3.59,0.15,,0.5385
8278126,10-09-19,10-09-19,2019-10-09,Cook,41.73335,-87.54164,68.4,0.375,Developed/Disturbed area,25.650000000000002
8279873,10-09-19,10-10-19,2019-10-10,Cook,41.75323,-87.55415,4.18,0.15,Developed/Disturbed area,0.6269999999999999
8276231,10-02-19,10-02-19,2019-10-02,Cook,42.11348,-88.03354,0.84,0.375,Developed/Disturbed area,0.315
8276232,10-02-19,10-02-19,2019-10-02,Cook,42.12441,-88.06176,0.29,0.375,Developed/Disturbed area,0.10874999999999999
8276233,10-02-19,10-02-19,2019-10-02,Lake,42.15686,-88.13963,2.6,0.15,,0.39
8276234,10-02-19,10-02-19,2019-10-02,McHenry,42.19708,-88.21746,2.43,0.375,Developed/Disturbed area,0.9112500000000001
8276235,09-20-19,10-02-19,2019-10-02,Logan,40.30535,-89.60199,4.34,0.15,Edge: Roadside,0.6509999999999999
8295179,11-01-19,11-04-19,2019-11-04,Cook,41.64287,-87.55944,0.22,0.55,Edge: Roadside,0.12100000000000001
8295180,11-02-19,11-04-19,2019-11-04,Cook,42.02065,-87.67681,27.94,0.375,Developed/Disturbed area,10.477500000000001
8264868,08-07-19,08-13-19,2019-08-13,DuPage,41.88162,-88.02864,2.12,0.15,Edge: Roadside,0.318
8264871,08-12-19,08-13-19,2019-08-13,Kane,41.75942,-88.31126,5.54,0.375,Developed/Disturbed area,2.0775
8264872,08-12-19,08-13-19,2019-08-13,Kane,41.75034,-88.32383,110.76,0.375,Managed Areas,41.535000000000004
8264873,08-12-19,08-13-19,2019-08-13,Kane,41.74069,-88.32912,30.76,0.15,,4.614
8264874,08-12-19,08-13-19,2019-08-13,Kendall,41.72036,-88.34198,24.17,0.375,Edge: Roadside,9.06375
8264875,08-13-19,08-13-19,2019-08-13,Cook,41.90189,-87.90315,1.76,0.04,,0.0704
8266519,08-18-19,08-18-19,2019-08-18,Cook,41.78198,-87.81226,23.17,0.15,Developed/Disturbed area,3.4755000000000003
8266520,08-18-19,08-18-19,2019-08-18,Cook,41.77506,-87.81505,26.69,0.15,Edge: Roadside,4.0035
8266522,08-18-19,08-18-19,2019-08-18,Cook,41.8042,-87.70515,39.95,0.15,Edge: Roadside,5.992500000000001
8266523,08-18-19,08-18-19,2019-08-18,Cook,41.82147,-87.70376,21.42,0.15,Developed/Disturbed area,3.213
8266525,08-18-19,08-18-19,2019-08-18,Cook,41.85622,-87.63539,88.21,0.375,Developed/Disturbed area,33.07875
8266526,08-18-19,08-18-19,2019-08-18,Cook,41.91359,-87.66549,61.08,0.15,Developed/Disturbed area,9.161999999999999
8268387,08-26-19,08-26-19,2019-08-26,Cook,41.68614,-87.97228,892.83,0.375,Developed/Disturbed area,334.81125000000003
8268389,08-26-19,08-26-19,2019-08-26,DuPage,41.70694,-87.93796,349.26,0.375,Edge: Roadside,130.9725
8268790,08-26-19,08-28-19,2020-07-09,Cook,41.67856,-87.82055,26.92,0.04,Edge: Roadside,1.0768000000000002
8268792,08-27-19,08-28-19,2019-08-28,Cook,41.81077,-87.80229,0.68,0.04,Edge: Roadside,0.027200000000000002
8268793,08-27-19,08-28-19,2019-08-28,Cook,41.82271,-87.80333,6.64,0.04,Edge: Roadside,0.2656
8269639,08-30-19,08-30-19,2019-08-30,Cook,41.93772,-87.83583,0.12,0.15,Edge: Roadside,0.018
8269648,08-28-19,08-30-19,2020-06-25,Kane,42.05351,-88.29429,15.2,0.15,Developed/Disturbed area,2.28
8264915,08-13-19,08-13-19,2019-08-13,Cook,41.8883,-87.79546,58.68,0.15,Edge: Roadside,8.802
8265027,08-13-19,08-13-19,2019-08-13,Cook,41.92519,-87.68488,57.32,0.15,Edge: Roadside,8.597999999999999
8265028,08-13-19,08-13-19,2019-08-13,Cook,41.93183,-87.69948,30.51,0.04,Edge: Roadside,1.2204000000000002
8265029,08-13-19,08-13-19,2019-08-13,Cook,41.93216,-87.66913,66.11,0.04,Edge: Roadside,2.6444
8265030,08-13-19,08-13-19,2019-08-13,Cook,41.96783,-87.76713,3.98,0.04,Developed/Disturbed area,0.1592
8266446,08-14-19,08-17-19,2019-08-17,DuPage,41.85997,-87.96797,1.41,0.375,Developed/Disturbed area,0.5287499999999999
8266447,08-14-19,08-17-19,2019-08-17,Cook,41.8631,-87.89268,0.39,0.375,Edge: Roadside,0.14625
8266450,08-14-19,08-17-19,2019-08-17,Cook,41.86555,-87.74958,12.37,0.15,Developed/Disturbed area,1.8554999999999997
8266460,08-17-19,08-17-19,2019-08-17,Cook,41.61549,-87.63863,36.74,0.15,,5.511
8295499,11-04-19,11-06-19,2019-11-06,Cook,41.73515,-87.52921,0.61,0.375,Developed/Disturbed area,0.22875
8295501,11-04-19,11-06-19,2019-11-06,Cook,41.71527,-87.53173,1.06,0.55,,0.5830000000000001
8295502,11-06-19,11-06-19,2019-11-06,Cook,41.69894,-87.56077,0.1,0.375,Developed/Disturbed area,0.037500000000000006
8254704,08-06-19,08-06-19,2019-08-06,Cook,42.114,-87.73071,0.18,0.04,,0.0072
8254922,08-06-19,08-06-19,2019-08-06,Cook,42.06635,-87.70027,16.67,0.15,Edge: Roadside,2.5005
8254923,08-06-19,08-06-19,2019-08-06,Cook,42.05934,-87.69417,51.63,0.375,Edge: Roadside,19.361250000000002
8254924,08-06-19,08-06-19,2019-08-06,Cook,42.05138,-87.68763,26.61,0.15,Edge: Roadside,3.9915
8254925,08-06-19,08-06-19,2019-08-06,Cook,42.04221,-87.68193,7.1,0.375,Edge: Roadside,2.6624999999999996
8254926,08-06-19,08-06-19,2019-08-06,Cook,42.04192,-87.7001,1.31,0.375,Developed/Disturbed area,0.49125
8266517,08-18-19,08-18-19,2019-08-18,Cook,41.8063,-87.86002,3.52,0.04,Developed/Disturbed area,0.1408
8266518,08-18-19,08-18-19,2019-08-18,Cook,41.80499,-87.85305,21.66,0.15,Edge: Roadside,3.249
8264910,08-13-19,08-13-19,2019-08-13,Cook,41.90021,-87.6419,0.35,0.04,Developed/Disturbed area,0.013999999999999999
8264912,08-13-19,08-13-19,2019-08-13,Cook,41.90333,-87.66127,7.73,0.04,Edge: Roadside,0.30920000000000003
8264913,08-13-19,08-13-19,2019-08-13,Cook,41.90286,-87.69163,22.67,0.04,Developed/Disturbed area,0.9068
8264914,08-13-19,08-13-19,2019-08-13,Cook,41.88561,-87.73337,171.1,0.15,Edge: Roadside,25.665
8295503,11-06-19,11-06-19,2019-11-06,Cook,41.69805,-87.56061,0.08,0.15,Developed/Disturbed area,0.012
8295504,11-06-19,11-06-19,2019-11-06,Cook,41.69733,-87.56163,0.37,0.375,Developed/Disturbed area,0.13874999999999998
8295507,11-06-19,11-06-19,2019-11-06,Cook,41.70499,-87.56583,0.18,0.04,Developed/Disturbed area,0.0072
8295508,11-06-19,11-06-19,2019-11-06,Cook,41.70414,-87.56582,0.09,0.15,Developed/Disturbed area,0.0135
8294991,10-30-19,11-01-19,2019-11-01,Cook,41.70931,-87.57961,1.33,0.375,Developed/Disturbed area,0.49875
8294992,10-30-19,11-01-19,2019-11-01,Cook,41.71814,-87.59182,0.59,0.375,Developed/Disturbed area,0.22125
8294995,10-30-19,11-01-19,2019-11-01,Cook,41.68413,-87.57647,0.09,0.04,Developed/Disturbed area,0.0036
8294998,10-31-19,11-01-19,2019-11-01,Cook,41.70598,-87.54194,1.86,0.15,Developed/Disturbed area,0.279
8294999,11-01-19,11-01-19,2019-11-01,Cook,41.66044,-87.61834,6.41,0.15,Developed/Disturbed area,0.9615
8287687,10-29-19,10-30-19,2019-10-30,Cook,41.69572,-87.55994,0.05,0.375,Developed/Disturbed area,0.018750000000000003
8287689,10-29-19,10-30-19,2019-10-30,Cook,41.69525,-87.5597,0.2,0.15,Grassland/Prairie/Meadow,0.03
8287693,10-29-19,10-30-19,2019-10-30,Cook,41.70613,-87.57157,0.45,0.15,Edge: Roadside,0.0675
8287695,10-29-19,10-30-19,2019-10-30,Cook,41.70759,-87.57294,0.54,0.375,Edge: Roadside,0.2025
8287699,10-29-19,10-30-19,2019-10-30,Cook,41.71827,-87.57797,0.13,0.04,Grassland/Prairie/Meadow,0.005200000000000001
8287703,10-29-19,10-30-19,2019-10-30,Cook,41.67058,-87.57518,3.03,0.375,Developed/Disturbed area,1.13625
8287708,10-30-19,10-30-19,2019-10-30,Cook,41.71983,-87.58381,0.94,0.375,Developed/Disturbed area,0.3525
8287710,10-30-19,10-30-19,2019-10-30,Cook,41.71579,-87.58021,8.19,0.375,,3.07125
8283774,10-22-19,10-22-19,2019-10-22,Cook,41.76996,-87.74334,0.05,0.375,Developed/Disturbed area,0.018750000000000003
8283775,10-22-19,10-22-19,2019-10-22,Cook,41.76128,-87.72194,0.09,0.375,Developed/Disturbed area,0.03375
8283776,10-22-19,10-22-19,2019-10-22,Cook,41.7661,-87.74221,0.22,0.15,Developed/Disturbed area,0.033
8274356,09-18-19,09-18-19,2019-09-18,Will,41.50348,-88.08857,20.1,0.375,Edge: Roadside,7.5375000000000005
8272027,09-11-19,09-11-19,2019-09-11,Winnebago,42.26308,-89.09958,0.33,0.375,Edge: Roadside,0.12375
8272029,09-11-19,09-11-19,2019-09-11,Winnebago,42.2575,-89.10421,0.04,0.55,Developed/Disturbed area,0.022000000000000002
8272074,09-11-19,09-11-19,2019-09-11,Winnebago,42.26292,-89.08798,2.99,0.375,Developed/Disturbed area,1.12125
8272075,09-11-19,09-11-19,2019-09-11,Winnebago,42.25388,-89.08754,0.49,0.375,Developed/Disturbed area,0.18375
8272076,09-11-19,09-11-19,2019-09-11,Winnebago,42.2107,-89.08203,0.47,0.375,Developed/Disturbed area,0.17625
8272077,09-11-19,09-11-19,2019-09-11,Winnebago,42.20666,-89.08209,0.25,0.55,Developed/Disturbed area,0.1375
8273105,09-16-19,09-16-19,2019-09-16,Kendall,41.66955,-88.39684,67.68,0.04,Forest,2.7072000000000003
8274139,09-17-19,09-17-19,2019-09-17,Cook,41.85117,-87.63051,13.17,0.375,Developed/Disturbed area,4.93875
8272014,09-11-19,09-11-19,2019-09-11,Winnebago,42.23753,-89.10227,1.88,0.15,Edge: Roadside,0.282
8272025,09-11-19,09-11-19,2019-09-11,Winnebago,42.25209,-89.1038,1.14,0.375,Edge: Roadside,0.4275
8272026,09-11-19,09-11-19,2019-09-12,Winnebago,42.2558,-89.10194,0.09,0.375,Edge: Roadside,0.03375
8267057,08-20-19,08-21-19,2019-08-21,Lake,42.23727,-87.99411,0.96,0.04,Edge: Roadside,0.0384
8267055,08-20-19,08-21-19,2019-08-21,Cook,42.07888,-87.98111,0.35,0.15,Developed/Disturbed area,0.0525
8267051,08-19-19,08-21-19,2019-08-21,Will,41.4177,-88.19241,167.29,0.04,,6.6916
8267053,08-20-19,08-21-19,2019-08-21,DuPage,41.91162,-87.9886,0.89,0.04,Edge: Roadside,0.0356
8267054,08-20-19,08-21-19,2019-08-21,DuPage,41.93162,-87.98894,0.37,0.04,Edge: Roadside,0.0148
8283549,10-20-19,10-20-19,2019-10-20,Winnebago,42.25256,-89.06784,0.24,0.55,Developed/Disturbed area,0.132
8283550,10-20-19,10-20-19,2019-10-20,Winnebago,42.25397,-89.06838,0.14,0.375,Developed/Disturbed area,0.052500000000000005
8283552,10-20-19,10-20-19,2019-10-20,Winnebago,42.25631,-89.07285,1.82,0.55,Developed/Disturbed area,1.0010000000000001
8283554,10-20-19,10-20-19,2019-10-20,Winnebago,42.25805,-89.07612,0.9,0.375,Developed/Disturbed area,0.3375
8283556,10-20-19,10-20-19,2019-10-20,Kane,42.05353,-88.54958,0.03,0.375,Developed/Disturbed area,0.01125
8283557,10-20-19,10-20-19,2019-10-20,Kane,42.05037,-88.54507,0.06,0.55,Developed/Disturbed area,0.033
8283725,10-21-19,10-21-19,2019-10-21,Cook,41.76753,-87.80184,0.03,0.375,Developed/Disturbed area,0.01125
8283770,10-21-19,10-22-19,2019-10-22,Cook,41.7735,-87.75831,18.24,0.375,,6.84
8283771,10-22-19,10-22-19,2019-10-22,Cook,41.77205,-87.75406,0.12,0.55,Developed/Disturbed area,0.066
8282354,10-17-19,10-17-19,2019-10-17,Winnebago,42.26307,-89.11758,0.56,0.375,,0.21000000000000002
8282355,10-17-19,10-17-19,2019-10-17,Winnebago,42.26077,-89.09675,1.66,0.375,Developed/Disturbed area,0.6224999999999999
8282356,10-17-19,10-17-19,2019-10-17,Winnebago,42.26701,-89.10484,21.69,0.375,Developed/Disturbed area,8.133750000000001
8282358,10-17-19,10-17-19,2019-10-17,Winnebago,42.27432,-89.11088,0.1,0.375,Developed/Disturbed area,0.037500000000000006
8282359,10-17-19,10-17-19,2019-10-17,Winnebago,42.27477,-89.10342,5.46,0.15,Developed/Disturbed area,0.819
8282362,10-17-19,10-17-19,2019-10-17,Winnebago,42.2604,-89.06027,0.37,0.375,Developed/Disturbed area,0.13874999999999998
8283407,10-18-19,10-18-19,2019-10-18,Winnebago,42.29168,-89.04663,0.37,0.375,Edge: Roadside,0.13874999999999998
8283408,10-18-19,10-18-19,2019-10-18,Winnebago,42.31062,-89.07644,0.06,0.375,Developed/Disturbed area,0.0225
8283424,10-18-19,10-18-19,2019-10-18,Winnebago,42.29575,-89.07702,0.2,0.375,Developed/Disturbed area,0.07500000000000001
8276229,09-23-19,10-02-19,2019-10-02,Cook,41.87863,-87.85424,40.83,0.375,Developed/Disturbed area,15.31125
8276230,09-24-19,10-02-19,2019-10-02,Livingston,41.09635,-88.4231,0.28,0.375,Edge: Roadside,0.10500000000000001
8295856,11-07-19,11-08-19,2020-07-07,Cook,41.63784,-87.64181,0.06,0.55,Developed/Disturbed area,0.033
8295859,11-08-19,11-08-19,2019-11-08,Cook,41.66635,-87.55099,0.23,0.375,Developed/Disturbed area,0.08625000000000001
8300575,11-14-19,11-14-19,2019-11-14,Cook,41.67647,-87.5589,19.73,0.55,Developed/Disturbed area,10.851500000000001
8277609,10-07-19,10-07-19,2019-10-07,Cook,41.66146,-87.74749,2.55,0.15,Edge: Roadside,0.38249999999999995
8278114,10-07-19,10-09-19,2019-10-09,Cook,41.68308,-87.6893,54.5,0.375,Developed/Disturbed area,20.4375
8278115,10-09-19,10-09-19,2019-10-09,Cook,41.72113,-87.6879,26.22,0.375,Developed/Disturbed area,9.8325
8278116,10-09-19,10-09-19,2019-10-09,Cook,41.72135,-87.66731,2.68,0.375,Developed/Disturbed area,1.0050000000000001
8281096,10-15-19,10-16-19,2019-10-16,Lake,42.20001,-88.11184,0.17,0.15,Developed/Disturbed area,0.025500000000000002
8281097,10-16-19,10-16-19,2019-10-16,Winnebago,42.2159,-89.08773,0.37,0.375,Developed/Disturbed area,0.13874999999999998
8281098,10-16-19,10-16-19,2019-10-16,Winnebago,42.18724,-89.07237,0.57,0.15,,0.08549999999999999
8281264,10-16-19,10-16-19,2019-10-16,Winnebago,42.18844,-89.10765,0.78,0.15,Developed/Disturbed area,0.11699999999999999
8281265,10-16-19,10-16-19,2019-10-16,Winnebago,42.22359,-89.08756,0.31,0.375,Developed/Disturbed area,0.11624999999999999
8278117,10-09-19,10-09-19,2019-10-09,Cook,41.72066,-87.65127,7.86,0.375,,2.9475000000000002
8278118,10-09-19,10-09-19,2019-10-09,Cook,41.72296,-87.59929,27.62,0.375,Developed/Disturbed area,10.3575
8278120,10-09-19,10-09-19,2019-10-09,Cook,41.7229,-87.57974,8.34,0.15,Developed/Disturbed area,1.251
8278124,10-09-19,10-09-19,2019-10-09,Cook,41.7337,-87.56167,95.74,0.375,Edge: Roadside,35.902499999999996
8278125,10-09-19,10-09-19,2019-10-09,Cook,41.72948,-87.54777,7.07,0.375,Developed/Disturbed area,2.65125
8279874,10-09-19,10-10-19,2019-10-10,Cook,41.75133,-87.59148,40.12,0.15,,6.018
8279875,10-09-19,10-10-19,2019-10-10,Cook,41.75042,-87.66353,105.23,0.15,Edge: Roadside,15.7845
8279877,10-10-19,10-10-19,2020-07-02,DuPage,41.80086,-87.9378,4.97,0.375,Developed/Disturbed area,1.86375
8280602,10-10-19,10-15-19,2019-10-15,Cook,42.02493,-87.88243,0.06,0.15,Developed/Disturbed area,0.009
8280606,10-15-19,10-15-19,2019-10-15,Cook,42.03856,-87.86892,2.79,0.15,Edge: Roadside,0.4185
8280607,10-15-19,10-15-19,2019-10-15,Cook,42.06214,-87.79914,0.15,0.15,Developed/Disturbed area,0.0225
8280634,10-15-19,10-15-19,2019-10-15,Cook,42.07322,-87.80489,0.3,0.15,Developed/Disturbed area,0.045
8280635,10-15-19,10-15-19,2019-10-15,Lake,42.19479,-87.80492,0.5,0.15,Developed/Disturbed area,0.075
8280638,10-15-19,10-15-19,2019-10-15,Lake,42.33945,-88.05013,0.41,0.15,Edge: Roadside,0.06149999999999999
8172340,07-11-19,07-15-19,2019-07-15,DuPage,41.78434,-88.07457,0.53,0.15,,0.0795
8171055,07-10-19,07-10-19,2019-07-10,Cook,41.8893,-87.91234,0.94,0.55,,0.517
8532398,07-15-20,07-16-20,2020-07-16,Cook,41.65467,-87.6392,2.4,0.15,Developed/Disturbed area,0.36
8532397,07-10-20,07-16-20,2020-07-16,Will,41.50697,-88.10346,3.12,0.04,,0.12480000000000001
8540359,07-26-20,07-26-20,2020-07-26,Kane,41.79629,-88.2826,0.02,0.15,Edge: Roadside,0.003
8594058,09-08-20,09-09-20,2020-09-09,Cook,41.79191,-87.67458,0.26,0.375,Edge: Roadside,0.0975
8501387,06-28-20,06-28-20,2020-06-28,Cook,41.75158,-87.85764,0.31,0.15,Developed/Disturbed area,0.0465
8501386,06-28-20,06-28-20,2020-06-28,Cook,41.75395,-87.8564,4.66,0.15,Developed/Disturbed area,0.699
8501384,06-28-20,06-28-20,2020-06-28,Cook,41.7565,-87.85397,5.41,0.15,,0.8115
8501383,06-28-20,06-28-20,2020-06-28,Cook,41.75913,-87.84934,0.09,0.15,Developed/Disturbed area,0.0135
8501382,06-28-20,06-28-20,2020-06-28,Cook,41.76512,-87.84433,0.02,0.375,Developed/Disturbed area,0.0075
8501381,06-28-20,06-28-20,2020-06-28,Cook,41.76695,-87.84726,0.07,0.375,Developed/Disturbed area,0.026250000000000002
8501380,06-28-20,06-28-20,2020-06-28,Cook,41.74836,-87.86277,5.04,0.375,Developed/Disturbed area,1.8900000000000001
8501379,06-28-20,06-28-20,2020-06-28,Cook,41.74593,-87.86493,0.51,0.15,Developed/Disturbed area,0.0765
8501344,06-28-20,06-28-20,2020-06-28,Cook,41.76211,-87.90176,0.88,0.375,Developed/Disturbed area,0.33
8501343,06-28-20,06-28-20,2020-06-28,Cook,41.76044,-87.89722,0.14,0.375,Edge: Roadside,0.052500000000000005
8501342,06-28-20,06-28-20,2020-06-28,Cook,41.75965,-87.89641,0.14,0.375,Edge: Roadside,0.052500000000000005
8501341,06-28-20,06-28-20,2020-06-28,DuPage,41.73498,-87.94436,0.02,0.15,Edge: Roadside,0.003
8501340,06-28-20,06-28-20,2020-06-28,DuPage,41.72155,-87.99721,0.18,0.15,Edge: Roadside,0.027
8501339,06-28-20,06-28-20,2020-06-28,DuPage,41.72067,-87.99239,0.02,0.15,Edge: Roadside,0.003
8501338,06-28-20,06-28-20,2020-06-28,DuPage,41.72361,-87.99252,0.06,0.375,Edge: Roadside,0.0225
8501336,06-28-20,06-28-20,2020-06-28,DuPage,41.72634,-87.98909,0.47,0.15,Edge: Roadside,0.0705
8501335,06-24-20,06-28-20,2020-06-28,Pope,37.54372,-88.64082,0.3,0.04,Edge: Roadside,0.012
8567728,08-23-20,08-28-20,2020-08-28,Cook,41.8251,-87.70677,0.03,0.375,Developed/Disturbed area,0.01125
8567729,08-23-20,08-28-20,2020-08-28,Cook,41.82609,-87.70826,3.46,0.55,Developed/Disturbed area,1.903
8547364,08-02-20,08-02-20,2020-08-02,Cook,41.72857,-87.55472,0.29,0.375,Developed/Disturbed area,0.10874999999999999
8547363,08-02-20,08-02-20,2020-08-02,Cook,41.72532,-87.54835,0.48,0.375,Developed/Disturbed area,0.18
8547360,07-27-20,08-02-20,2020-08-02,Whiteside,41.80634,-89.9559,0.73,0.375,Developed/Disturbed area,0.27375
8547359,07-27-20,08-02-20,2020-08-02,Henry,41.4753,-90.33824,0.67,0.04,Edge: Roadside,0.0268
8547745,08-03-20,08-03-20,2020-08-03,Cook,41.79323,-87.81358,9.13,0.55,Developed/Disturbed area,5.0215000000000005
8547744,08-03-20,08-03-20,2020-08-03,Cook,41.79433,-87.81093,0.38,0.15,Developed/Disturbed area,0.056999999999999995
8547743,08-03-20,08-03-20,2020-08-03,Cook,41.79564,-87.80834,0.02,0.375,Edge: Roadside,0.0075
8547742,08-03-20,08-03-20,2020-08-03,Cook,41.79319,-87.8101,0.07,0.375,Developed/Disturbed area,0.026250000000000002
8547741,08-03-20,08-03-20,2020-08-03,Cook,41.6787,-87.98647,32.33,0.55,Developed/Disturbed area,17.7815
8547740,08-03-20,08-03-20,2020-08-03,Cook,41.6761,-87.9939,18.0,0.375,Developed/Disturbed area,6.75
8547378,08-02-20,08-02-20,2020-08-02,Cook,41.76674,-87.60812,19.77,0.375,Edge: Roadside,7.41375
8547377,08-02-20,08-02-20,2020-08-02,Cook,41.7614,-87.60048,46.71,0.375,,17.51625
8547376,08-02-20,08-02-20,2020-08-02,Cook,41.75627,-87.59337,10.77,0.15,Edge: Roadside,1.6155
8547375,08-02-20,08-02-20,2020-08-02,Cook,41.75415,-87.59061,1.6,0.375,Edge: Roadside,0.6000000000000001
8547374,08-02-20,08-02-20,2020-08-02,Cook,41.74868,-87.58236,14.9,0.55,Edge: Roadside,8.195
8547373,08-02-20,08-02-20,2020-08-02,Cook,41.74512,-87.57832,8.7,0.55,,4.785
8547372,08-02-20,08-02-20,2020-08-02,Cook,41.74211,-87.57422,6.61,0.55,Edge: Roadside,3.6355000000000004
8547371,08-02-20,08-02-20,2020-08-02,Cook,41.74005,-87.57117,6.79,0.55,,3.7345
8547370,08-02-20,08-02-20,2020-08-02,Cook,41.73808,-87.56903,1.27,0.55,,0.6985000000000001
8547369,08-02-20,08-02-20,2020-08-02,Cook,41.73584,-87.56604,2.45,0.55,Edge: Roadside,1.3475000000000001
8547368,08-02-20,08-02-20,2020-08-02,Cook,41.73325,-87.56237,1.18,0.375,,0.4425
8547367,08-02-20,08-02-20,2020-08-02,Cook,41.73105,-87.55927,0.66,0.55,Edge: Roadside,0.36300000000000004
8547366,08-02-20,08-02-20,2020-08-02,Cook,41.73053,-87.55716,1.72,0.375,Developed/Disturbed area,0.645
8547365,08-02-20,08-02-20,2020-08-02,Cook,41.72742,-87.55419,0.56,0.375,Edge: Roadside,0.21000000000000002
8559938,08-17-20,08-17-20,2020-08-17,Kane,41.74687,-88.28512,0.03,0.15,Developed/Disturbed area,0.0045
8564767,08-22-20,08-23-20,2020-08-23,DuPage,41.77934,-88.15617,0.16,0.55,Mined/Rock Quarry/Gravel Pit Habitats,0.08800000000000001
8564768,08-22-20,08-23-20,2020-08-23,Will,41.62167,-88.20339,0.1,0.375,Developed/Disturbed area,0.037500000000000006
8564769,08-22-20,08-23-20,2020-08-23,Will,41.6141,-88.20112,0.27,0.375,Developed/Disturbed area,0.10125
8564770,08-22-20,08-23-20,2020-08-23,Will,41.61512,-88.20152,0.35,0.55,Edge: Roadside,0.1925
8564771,08-22-20,08-23-20,2020-08-23,Will,41.61516,-88.20012,0.15,0.375,Developed/Disturbed area,0.056249999999999994
8564772,08-22-20,08-23-20,2020-08-23,Will,41.60811,-88.22185,0.55,0.55,Developed/Disturbed area,0.30250000000000005
8547753,08-03-20,08-03-20,2020-08-03,Cook,41.81655,-87.74715,5.7,0.375,Edge: Roadside,2.1375
8547752,08-03-20,08-03-20,2020-08-03,Cook,41.81847,-87.748,6.92,0.375,Developed/Disturbed area,2.5949999999999998
8547751,08-03-20,08-03-20,2020-08-03,Cook,41.81037,-87.77778,1.27,0.15,Edge: Roadside,0.1905
8547750,08-03-20,08-03-20,2020-08-03,Cook,41.8121,-87.76893,0.46,0.375,Developed/Disturbed area,0.17250000000000001
8547749,08-03-20,08-03-20,2020-08-03,Cook,41.81717,-87.75324,1.18,0.375,Developed/Disturbed area,0.4425
8547748,08-03-20,08-03-20,2020-08-03,Cook,41.8194,-87.74347,1.86,0.15,Edge: Roadside,0.279
8547747,08-03-20,08-03-20,2020-08-03,Cook,41.82007,-87.72737,0.04,0.15,Developed/Disturbed area,0.006
8547746,08-03-20,08-03-20,2020-08-03,Cook,41.80154,-87.78341,0.02,0.15,Developed/Disturbed area,0.003
8490219,05-22-20,05-22-20,2020-05-22,Grundy,41.39722,-88.32848,0.36,0.15,,0.054
8562596,08-18-20,08-20-20,2020-08-20,Kane,41.78312,-88.31668,3.58,0.55,Developed/Disturbed area,1.9690000000000003
8562597,08-18-20,08-20-20,2020-08-20,Kane,41.78247,-88.31518,0.58,0.375,Developed/Disturbed area,0.21749999999999997
8562828,08-20-20,08-20-20,2020-08-20,LaSalle,41.42138,-88.71717,0.58,0.15,Edge: Roadside,0.087
8562829,08-20-20,08-20-20,2020-08-20,LaSalle,41.48464,-88.6691,0.03,0.15,Ag. Field,0.0045
8559939,08-17-20,08-17-20,2020-08-17,Kane,41.74337,-88.29071,0.04,0.15,Yard/Garden,0.006
8559940,08-17-20,08-17-20,2020-08-17,Kane,41.7431,-88.31893,0.03,0.15,Yard/Garden,0.0045
8559941,08-17-20,08-17-20,2020-08-17,Kane,41.7418,-88.31882,0.02,0.15,Edge: Roadside,0.003
8559942,08-17-20,08-17-20,2020-08-17,Kane,41.74093,-88.3224,0.81,0.375,Developed/Disturbed area,0.30375
8559943,08-17-20,08-17-20,2020-08-17,Kane,41.74367,-88.33427,9.19,0.55,Developed/Disturbed area,5.0545
8496643,06-11-20,06-11-20,2020-06-11,Kankakee,41.13207,-87.8622,3.96,0.375,Developed/Disturbed area,1.4849999999999999
8496642,06-11-20,06-11-20,2020-06-11,Kankakee,41.1257,-87.8629,4.01,0.375,,1.50375
8496641,06-11-20,06-11-20,2020-06-11,Kankakee,41.12214,-87.86545,2.49,0.375,Developed/Disturbed area,0.9337500000000001
8496640,06-11-20,06-11-20,2020-06-11,Kankakee,41.12273,-87.87066,0.19,0.375,Developed/Disturbed area,0.07125000000000001
8496639,06-11-20,06-11-20,2020-06-11,Kankakee,41.12157,-87.8805,0.23,0.15,Developed/Disturbed area,0.0345
8496638,06-11-20,06-11-20,2020-06-11,Kankakee,41.12148,-87.87602,0.06,0.04,Edge: Roadside,0.0024
8496637,06-11-20,06-11-20,2020-06-11,Kankakee,41.12245,-87.89347,0.26,0.15,Developed/Disturbed area,0.039
8496636,06-11-20,06-11-20,2020-06-11,Will,41.49458,-88.10135,28.19,0.375,Edge: Roadside,10.571250000000001
8496635,06-11-20,06-11-20,2020-06-11,Will,41.50137,-88.09349,4.33,0.15,Edge: Roadside,0.6495
8496634,06-11-20,06-11-20,2020-06-11,Will,41.50736,-88.0837,21.27,0.375,Edge: Roadside,7.97625
8496633,06-11-20,06-11-20,2020-06-23,Will,41.64119,-88.06218,4.97,0.15,Managed Areas,0.7454999999999999
8496632,06-08-20,06-11-20,2020-06-11,Grundy,41.46204,-88.26547,0.89,0.15,Edge: Roadside,0.1335
8496631,06-08-20,06-11-20,2020-06-11,Grundy,41.38835,-88.42187,0.45,0.375,Developed/Disturbed area,0.16875
8567742,08-24-20,08-28-20,2020-08-28,DeKalb,41.64314,-88.62784,1.23,0.55,Developed/Disturbed area,0.6765
8567743,08-25-20,08-28-20,2020-08-28,McHenry,42.31302,-88.44925,0.03,0.55,Developed/Disturbed area,0.0165
8567744,08-25-20,08-28-20,2020-08-28,McHenry,42.31335,-88.44919,0.02,0.55,Developed/Disturbed area,0.011000000000000001
8567745,08-25-20,08-28-20,2020-08-28,McHenry,42.31313,-88.44373,0.89,0.55,Developed/Disturbed area,0.48950000000000005
8567746,08-25-20,08-28-20,2020-08-28,McHenry,42.31275,-88.44406,0.09,0.55,Developed/Disturbed area,0.0495
8567747,08-25-20,08-28-20,2020-08-28,McHenry,42.31306,-88.44441,0.02,0.55,Developed/Disturbed area,0.011000000000000001
8567748,08-27-20,08-28-20,2020-08-28,Kane,41.72727,-88.31612,0.21,0.375,Yard/Garden,0.07875
8567749,08-27-20,08-28-20,2020-08-28,Kane,41.7289,-88.31461,0.04,0.375,Developed/Disturbed area,0.015
8567750,08-28-20,08-28-20,2020-08-28,Kendall,41.69201,-88.27645,2.86,0.375,Ag. Field,1.0725
8567730,08-23-20,08-28-20,2020-08-28,Cook,41.95003,-87.91555,0.05,0.15,Developed/Disturbed area,0.0075
8567731,08-24-20,08-28-20,2020-08-28,Cook,41.98834,-88.20718,0.16,0.375,Edge: Roadside,0.06
8567732,08-24-20,08-28-20,2020-08-28,Kane,42.02011,-88.26574,0.1,0.375,Edge: Roadside,0.037500000000000006
8567733,08-24-20,08-28-20,2020-08-28,Cook,42.02009,-88.25895,0.2,0.55,Edge: Roadside,0.11000000000000001
8567734,08-24-20,08-28-20,2020-08-28,Cook,42.02048,-88.24829,0.04,0.55,Edge: Roadside,0.022000000000000002
8567735,08-24-20,08-28-20,2020-08-28,Cook,42.0188,-88.23927,0.52,0.375,Edge: Roadside,0.195
8567736,08-24-20,08-28-20,2020-08-28,Cook,42.01968,-88.23819,0.5,0.375,Developed/Disturbed area,0.1875
8567737,08-24-20,08-28-20,2020-08-28,Cook,42.02096,-88.24591,0.05,0.55,Edge: Roadside,0.027500000000000004
8567738,08-24-20,08-28-20,2020-08-28,Ogle,41.94126,-89.07408,0.02,0.15,Edge: Roadside,0.003
8567739,08-24-20,08-28-20,2020-08-28,Ogle,41.94948,-89.06572,0.96,0.55,Developed/Disturbed area,0.528
8567741,08-24-20,08-28-20,2020-08-28,LaSalle,41.59222,-88.69794,0.01,0.55,Ag. Field,0.0055000000000000005
8564650,08-21-20,08-21-20,2020-08-21,Will,41.62313,-88.18263,0.94,0.375,Edge: Roadside,0.3525
8564651,08-21-20,08-21-20,2020-08-21,Will,41.62361,-88.18298,0.73,0.55,Edge: Roadside,0.4015
8564652,08-21-20,08-21-20,2020-08-21,Will,41.62411,-88.18301,0.78,0.55,Edge: Roadside,0.42900000000000005
8564654,08-21-20,08-21-20,2020-08-21,Will,41.58672,-88.17873,0.01,0.15,Developed/Disturbed area,0.0015
8564655,08-21-20,08-21-20,2020-08-21,Will,41.58868,-88.22062,0.05,0.15,Yard/Garden,0.0075
8564656,08-21-20,08-21-20,2020-08-21,DuPage,41.78173,-88.03761,0.4,0.15,Yard/Garden,0.06
8564657,08-21-20,08-21-20,2020-08-21,DuPage,41.90275,-87.96909,0.08,0.15,Yard/Garden,0.012
8564658,08-21-20,08-21-20,2020-08-21,DuPage,41.89083,-87.96988,0.23,0.375,Developed/Disturbed area,0.08625000000000001
8513179,07-01-20,07-03-20,2020-07-03,Will,41.4598,-88.19317,0.5,0.375,Developed/Disturbed area,0.1875
8513177,07-01-20,07-03-20,2020-07-03,Will,41.47454,-88.19631,0.15,0.375,Developed/Disturbed area,0.056249999999999994
8513175,07-01-20,07-03-20,2020-07-03,Will,41.48514,-88.16165,0.25,0.375,Developed/Disturbed area,0.09375
8513173,07-01-20,07-03-20,2020-07-03,Will,41.47383,-88.20829,0.04,0.375,Developed/Disturbed area,0.015
8513168,07-01-20,07-03-20,2020-07-03,Will,41.61948,-88.16433,0.17,0.04,Developed/Disturbed area,0.0068000000000000005
8513165,07-01-20,07-03-20,2020-07-03,Will,41.60874,-88.18562,21.7,0.15,,3.255
8513164,07-01-20,07-03-20,2020-07-03,Will,41.61239,-88.16312,0.02,0.15,Edge: Roadside,0.003
8513472,07-05-20,07-05-20,2020-07-05,Will,41.48712,-88.17337,41.81,0.375,Developed/Disturbed area,15.67875
8513471,07-05-20,07-05-20,2020-07-05,Will,41.54962,-87.91471,5.76,0.15,Edge: Roadside,0.864
8513470,07-05-20,07-05-20,2020-07-05,Will,41.51381,-88.04501,0.04,0.15,Edge: Roadside,0.006
8513469,07-05-20,07-05-20,2020-07-05,Will,41.51528,-88.04186,0.33,0.15,Edge: Roadside,0.0495
8513468,07-05-20,07-05-20,2020-07-05,Will,41.51333,-88.06273,10.96,0.375,Developed/Disturbed area,4.11
8513467,07-05-20,07-05-20,2020-07-05,Will,41.51284,-88.07304,9.56,0.375,Edge: Roadside,3.585
8513466,07-05-20,07-05-20,2020-07-05,Will,41.51663,-88.06996,3.76,0.375,Developed/Disturbed area,1.41
8513465,07-05-20,07-05-20,2020-07-05,Will,41.30919,-88.15492,1.88,0.15,Edge: Roadside,0.282
8513463,07-05-20,07-05-20,2020-07-05,Will,41.31537,-88.1564,0.14,0.15,Edge: Roadside,0.021
8513460,07-05-20,07-05-20,2020-07-05,Will,41.34747,-88.1912,0.05,0.15,,0.0075
8513459,07-05-20,07-05-20,2020-07-05,Will,41.28872,-88.23007,0.21,0.04,Edge: Roadside,0.0084
8513423,07-03-20,07-05-20,2020-07-05,Will,41.42318,-88.2121,18.26,0.15,Edge: Roadside,2.7390000000000003
8513421,07-03-20,07-05-20,2020-07-05,Will,41.41934,-88.22334,0.42,0.375,Developed/Disturbed area,0.1575
8513420,07-03-20,07-05-20,2020-07-05,Will,41.4201,-88.22837,2.22,0.375,Developed/Disturbed area,0.8325
8513419,07-03-20,07-05-20,2020-07-05,Will,41.43847,-88.23355,0.04,0.15,,0.006
8513418,07-03-20,07-05-20,2020-07-05,Grundy,41.45526,-88.25762,1.92,0.375,Developed/Disturbed area,0.72
8513417,07-03-20,07-05-20,2020-07-05,Grundy,41.4558,-88.254,0.15,0.375,Edge: Roadside,0.056249999999999994
8513416,07-03-20,07-05-20,2020-07-05,Will,41.46296,-88.21621,0.85,0.15,Developed/Disturbed area,0.1275
8513180,07-03-20,07-03-20,2020-07-03,Will,41.45389,-88.19863,0.39,0.375,Edge: Roadside,0.14625
8513424,07-03-20,07-05-20,2020-07-05,Will,41.43355,-88.19663,0.39,0.375,Edge: Roadside,0.14625
8513425,07-03-20,07-05-20,2020-07-05,Will,41.44456,-88.19504,0.01,0.04,Edge: Roadside,0.0004
8513426,07-03-20,07-05-20,2020-07-05,Will,41.41761,-88.19618,3.03,0.15,Edge: Roadside,0.45449999999999996
8513427,07-03-20,07-05-20,2020-07-05,Will,41.30908,-88.14204,0.19,0.375,Developed/Disturbed area,0.07125000000000001
8513428,07-05-20,07-05-20,2020-07-05,Will,41.34487,-88.19337,0.15,0.15,Edge: Roadside,0.0225
8501374,06-28-20,06-28-20,2020-06-28,Cook,41.75221,-87.86151,0.02,0.04,Developed/Disturbed area,0.0008
8501375,06-28-20,06-28-20,2020-06-28,Cook,41.75078,-87.86295,1.3,0.15,Developed/Disturbed area,0.195
8501376,06-28-20,06-28-20,2020-06-28,Cook,41.7435,-87.87136,0.53,0.15,Developed/Disturbed area,0.0795
8501377,06-28-20,06-28-20,2020-06-28,Cook,41.74107,-87.87291,3.91,0.15,Developed/Disturbed area,0.5865
8493335,02-02-20,06-06-20,2020-06-06,Will,41.46614,-88.1748,44.84,0.15,,6.726
8493336,06-06-20,06-06-20,2020-06-06,LaSalle,41.37135,-89.00904,1.06,0.375,,0.3975
8493337,06-06-20,06-06-20,2020-06-06,LaSalle,41.37347,-88.84423,14.82,0.15,Edge: Roadside,2.223
8532399,07-16-20,07-16-20,2020-07-16,Grundy,41.24026,-88.41867,0.1,0.15,,0.015
8547361,07-27-20,08-02-20,2020-08-02,Whiteside,41.80518,-89.94813,0.54,0.375,Developed/Disturbed area,0.2025
8547379,08-02-20,08-02-20,2020-08-02,Cook,41.77166,-87.61454,2.61,0.375,Edge: Roadside,0.97875
8547380,08-02-20,08-02-20,2020-08-02,Cook,41.84661,-87.63469,0.41,0.15,Edge: Roadside,0.06149999999999999
8547381,08-02-20,08-02-20,2020-08-02,Cook,41.83876,-87.66424,0.7,0.15,Edge: Roadside,0.105
8547382,08-02-20,08-02-20,2020-08-02,Cook,41.8378,-87.67075,0.14,0.375,Edge: Roadside,0.052500000000000005
8547383,08-02-20,08-02-20,2020-08-02,Cook,41.75702,-87.85888,0.01,0.15,Edge: Roadside,0.0015
8547384,08-02-20,08-02-20,2020-08-02,Cook,41.7609,-87.85489,4.25,0.375,Edge: Roadside,1.59375
8547754,08-03-20,08-03-20,2020-08-03,Cook,41.79984,-87.80321,2.32,0.375,Edge: Roadside,0.8699999999999999
8558387,08-08-20,08-16-20,2020-08-16,Cook,41.90814,-87.91585,1.04,0.375,Edge: Roadside,0.39
8558389,08-16-20,08-16-20,2020-08-16,DuPage,41.88594,-88.02421,0.01,0.55,,0.0055000000000000005
8558437,08-16-20,08-16-20,2020-08-16,Cook,42.06798,-87.89204,0.05,0.15,Developed/Disturbed area,0.0075
8558436,08-16-20,08-16-20,2020-08-16,Cook,42.05067,-87.91803,0.53,0.375,Developed/Disturbed area,0.19875
8558435,08-16-20,08-16-20,2020-08-16,DuPage,41.98679,-87.94091,0.02,0.375,Developed/Disturbed area,0.0075
8558434,08-16-20,08-16-20,2020-08-16,DuPage,41.98401,-87.93954,0.1,0.375,Edge: Roadside,0.037500000000000006
8558433,08-16-20,08-16-20,2020-08-16,DuPage,41.97368,-87.9403,0.01,0.375,Edge: Roadside,0.00375
8558432,08-16-20,08-16-20,2020-08-16,DuPage,41.96152,-87.94308,0.02,0.55,Developed/Disturbed area,0.011000000000000001
8559937,08-17-20,08-17-20,2020-08-17,Kane,41.74632,-88.27789,0.06,0.15,Forest,0.009
8559936,08-17-20,08-17-20,2020-08-17,DuPage,41.74812,-88.12723,0.13,0.375,Edge: Roadside,0.04875
8559935,08-17-20,08-17-20,2020-08-17,DuPage,41.74748,-88.1273,0.13,0.15,Managed Areas,0.0195
8559934,08-17-20,08-17-20,2020-08-17,DuPage,41.74494,-88.12596,0.03,0.15,Managed Areas,0.0045
8562598,08-18-20,08-20-20,2020-08-20,Kane,41.78188,-88.31542,0.44,0.15,Developed/Disturbed area,0.066
8562599,08-18-20,08-20-20,2020-08-20,Kane,41.78234,-88.31096,0.03,0.55,Edge: Roadside,0.0165
8562600,08-18-20,08-20-20,2020-08-20,McHenry,42.30694,-88.45056,0.32,0.55,Developed/Disturbed area,0.17600000000000002
8562603,08-18-20,08-20-20,2020-08-20,McHenry,42.30831,-88.45022,0.01,0.15,Developed/Disturbed area,0.0015
8562604,08-20-20,08-20-20,2020-08-20,LaSalle,41.3985,-88.60883,0.05,0.375,Ag. Field,0.018750000000000003
8559944,08-17-20,08-17-20,2020-08-17,Kane,41.74685,-88.33145,16.68,0.55,Developed/Disturbed area,9.174000000000001
8559945,08-17-20,08-17-20,2020-08-17,DuPage,41.75029,-88.13037,0.03,0.15,Edge: Roadside,0.0045
8569846,08-28-20,08-31-20,2020-08-31,Kendall,41.67435,-88.36896,3.73,0.15,Developed/Disturbed area,0.5595
8569847,08-30-20,08-31-20,2020-08-31,Cook,41.50751,-87.59441,25.66,0.375,,9.6225
8569848,08-30-20,08-31-20,2020-08-31,Cook,41.50621,-87.60851,11.14,0.375,Developed/Disturbed area,4.1775
8569849,08-31-20,08-31-20,2020-08-31,Will,41.37968,-88.24798,4.86,0.55,,2.6730000000000005
8594075,09-09-20,09-09-20,2020-09-09,Kendall,41.64155,-88.44424,1.4,0.375,Yard/Garden,0.5249999999999999
8594076,09-09-20,09-09-20,2020-09-09,Kendall,41.64255,-88.44419,0.01,0.15,Wetland,0.0015
8594077,09-09-20,09-09-20,2020-09-09,Kendall,41.64121,-88.44295,0.04,0.375,Yard/Garden,0.015
8657258,09-17-20,09-21-20,2020-09-21,DeKalb,41.64513,-88.62454,0.01,0.375,Edge: Roadside,0.00375
8657259,09-21-20,09-21-20,2020-09-21,Will,41.58951,-88.05919,0.59,0.15,Edge: Roadside,0.0885
8657260,09-21-20,09-21-20,2020-09-21,Will,41.59315,-88.07121,0.56,0.15,Edge: Roadside,0.084
8657261,09-21-20,09-21-20,2020-09-21,Will,41.59449,-88.0748,0.38,0.15,Edge: Roadside,0.056999999999999995
8583869,09-04-20,09-04-20,2020-09-04,Will,41.47052,-88.21431,1.3,0.375,Ag. Field,0.48750000000000004
8583870,09-04-20,09-04-20,2020-09-04,Grundy,41.37938,-88.38345,0.2,0.375,,0.07500000000000001
8677889,09-23-20,09-24-20,2020-09-24,LaSalle,41.54372,-88.68989,0.04,0.375,Edge: Roadside,0.015
8677890,09-23-20,09-24-20,2020-09-24,LaSalle,41.56068,-88.63087,0.86,0.375,Pasture/Rangeland,0.3225
8677891,09-23-20,09-24-20,2020-09-24,Kendall,41.59992,-88.57368,0.16,0.375,Edge: Roadside,0.06
8677892,09-24-20,09-24-20,2020-09-24,LaSalle,41.54243,-88.6508,0.39,0.55,Edge: Roadside,0.21450000000000002
8669409,09-21-20,09-23-20,2020-09-23,Will,41.58452,-88.06261,11.67,0.55,Edge: Roadside,6.418500000000001
8669410,09-21-20,09-23-20,2020-09-23,Will,41.58187,-88.06714,2.56,0.55,Developed/Disturbed area,1.4080000000000001
8669411,09-21-20,09-23-20,2020-09-23,Will,41.54819,-88.07295,65.4,0.375,Edge: Roadside,24.525000000000002
8669413,09-21-20,09-23-20,2020-09-23,Will,41.5678,-88.06742,102.61,0.375,Edge: Roadside,38.47875
8669415,09-21-20,09-23-20,2020-09-23,Will,41.53191,-88.07777,171.44,0.55,Edge: Roadside,94.292
8669416,09-21-20,09-23-20,2020-09-23,Will,41.52149,-88.07656,66.88,0.375,Developed/Disturbed area,25.08
8669417,09-21-20,09-23-20,2020-09-23,Will,41.5098,-88.0779,24.6,0.55,Mined/Rock Quarry/Gravel Pit Habitats,13.530000000000001
8669418,09-23-20,09-23-20,2020-09-23,DuPage,41.77834,-88.18579,1.27,0.55,Edge: Roadside,0.6985000000000001
8669419,09-23-20,09-23-20,2020-09-23,LaSalle,41.53055,-88.69033,0.23,0.375,Edge: Roadside,0.08625000000000001
8669420,09-23-20,09-23-20,2020-09-23,LaSalle,41.53037,-88.69325,0.9,0.375,Edge: Roadside,0.3375
8583857,09-04-20,09-04-20,2020-09-04,Will,41.51677,-88.09467,1.63,0.55,Edge: Roadside,0.8965
8583859,09-04-20,09-04-20,2020-09-04,Will,41.50085,-88.12453,0.35,0.375,Edge: Roadside,0.13124999999999998
8583860,09-04-20,09-04-20,2020-09-04,Will,41.49146,-88.13833,0.48,0.375,Edge: Roadside,0.18
8583861,09-04-20,09-04-20,2020-09-04,Will,41.49372,-88.13626,8.79,0.55,Developed/Disturbed area,4.8345
8583862,09-04-20,09-04-20,2020-09-04,Will,41.4949,-88.13286,0.49,0.55,Edge: Roadside,0.2695
8583864,09-04-20,09-04-20,2020-09-04,Will,41.49378,-88.13939,2.7,0.55,Edge: Roadside,1.4850000000000003
8583865,09-04-20,09-04-20,2020-09-04,Will,41.48916,-88.14567,0.01,0.15,Edge: Roadside,0.0015
8583866,09-04-20,09-04-20,2020-09-04,Will,41.47846,-88.14631,4.04,0.55,Developed/Disturbed area,2.2220000000000004
8583868,09-04-20,09-04-20,2020-09-04,Will,41.44644,-88.22419,203.2,0.375,Edge: Roadside,76.19999999999999
8678203,09-24-20,09-25-20,2020-09-25,LaSalle,41.55515,-89.07695,0.09,0.375,Ag. Field,0.03375
8678204,09-24-20,09-25-20,2020-09-25,LaSalle,41.55541,-89.11005,4.49,0.55,Edge: Roadside,2.4695000000000005
8678205,09-24-20,09-25-20,2020-09-25,LaSalle,41.55698,-89.10652,0.32,0.55,Ag. Field,0.17600000000000002
8678206,09-24-20,09-25-20,2020-09-25,LaSalle,41.55435,-89.11351,8.07,0.55,Edge: Roadside,4.4385
8678207,09-24-20,09-25-20,2020-09-25,LaSalle,41.5443,-89.119,0.13,0.55,Developed/Disturbed area,0.07150000000000001
8678208,09-24-20,09-25-20,2020-09-25,Lee,41.69488,-89.08269,0.06,0.15,Yard/Garden,0.009
8678209,09-25-20,09-25-20,2020-09-25,DeKalb,41.92686,-88.73877,0.54,0.55,Developed/Disturbed area,0.29700000000000004
8678210,09-25-20,09-25-20,2020-09-25,DeKalb,41.92865,-88.74547,0.01,0.55,Developed/Disturbed area,0.0055000000000000005
8678211,09-25-20,09-25-20,2020-09-25,DeKalb,41.9297,-88.75776,0.12,0.55,Edge: Roadside,0.066
8678212,09-25-20,09-25-20,2020-09-25,DeKalb,41.92989,-88.75921,0.83,0.375,Edge: Roadside,0.31124999999999997
8678213,09-25-20,09-25-20,2020-09-25,Ogle,41.93066,-88.96405,0.05,0.55,Developed/Disturbed area,0.027500000000000004
8678214,09-25-20,09-25-20,2020-09-25,Ogle,41.91987,-89.06325,0.09,0.375,Mined/Rock Quarry/Gravel Pit Habitats,0.03375
8678215,09-25-20,09-25-20,2020-09-25,Ogle,41.92104,-89.06348,0.01,0.375,Developed/Disturbed area,0.00375
8678216,09-25-20,09-25-20,2020-09-25,DeKalb,42.09884,-88.68901,0.01,0.375,Developed/Disturbed area,0.00375
8678217,09-25-20,09-25-20,2020-09-25,DeKalb,42.0973,-88.68968,0.4,0.375,Developed/Disturbed area,0.15000000000000002
8490074,05-22-20,05-22-20,2020-05-22,Cook,41.8395,-87.82422,0.53,0.375,Forest,0.19875
8295161,11-04-19,11-04-19,2019-11-04,Cook,41.83943,-87.82473,0.89,0.375,Managed Areas,0.33375
8283858,10-23-19,10-23-19,2019-10-23,Cook,41.89398,-87.83172,0.09,0.375,,0.03375
8275779,09-30-19,09-30-19,2019-09-30,Cook,41.81702,-87.80529,0.2,0.04,Forest,0.008
8277245,10-04-19,10-04-19,2019-10-04,Cook,41.80913,-87.81132,0.33,0.15,,0.0495
8523576,07-07-20,07-07-20,2020-07-07,Cook,41.63785,-87.64328,0.81,0.04,,0.032400000000000005
8523574,07-07-20,07-07-20,2020-07-07,Cook,41.62289,-87.71533,0.14,0.04,,0.005600000000000001
8523571,07-07-20,07-07-20,2020-07-07,Cook,41.62304,-87.71634,1.06,0.375,,0.3975
8523569,07-07-20,07-07-20,2020-07-07,Cook,41.62362,-87.66092,0.78,0.04,,0.031200000000000002
8500858,06-25-20,06-26-20,2020-06-26,Kane,42.03308,-88.28638,1.19,0.04,,0.047599999999999996
8499559,06-23-20,06-23-20,2020-06-23,Will,41.6412,-88.05719,0.03,0.04,,0.0012
8499554,06-23-20,06-23-20,2020-06-23,Will,41.64372,-88.063,2.69,0.04,,0.1076
8499552,06-23-20,06-23-20,2020-06-23,Will,41.66116,-88.03759,3.19,0.04,,0.1276
8499551,06-23-20,06-23-20,2020-06-23,Will,41.64,-88.05924,0.09,0.04,,0.0036
8499549,06-23-20,06-23-20,2020-06-23,Will,41.64105,-88.05799,0.52,0.04,,0.020800000000000003
8532396,07-14-20,07-16-20,2020-07-16,Cook,41.83424,-87.83878,0.15,0.15,,0.0225
8532394,07-14-20,07-16-20,2020-07-16,Cook,41.83463,-87.83712,0.04,0.15,,0.006
8532391,07-14-20,07-16-20,2020-07-16,Cook,41.83493,-87.83575,0.1,0.04,,0.004
8532390,07-14-20,07-16-20,2020-07-16,Cook,41.83433,-87.84264,0.82,0.04,,0.032799999999999996
8513499,07-02-20,07-06-20,2020-07-06,DuPage,41.7865,-87.93025,0.08,0.04,,0.0032
8523567,07-07-20,07-07-20,2020-07-07,Cook,41.63974,-87.66288,0.62,0.04,,0.0248
9436099,07-03-21,07-03-21,2021-07-03,DuPage,41.79697,-88.07352,4.44,0.04,,0.1776
9436105,07-03-21,07-03-21,2021-07-03,DuPage,41.79755,-88.0738,10.4,0.15,,1.56
9436113,07-03-21,07-03-21,2021-07-03,DuPage,41.79755,-88.0738,10.4,0.15,,1.56
9436114,07-03-21,07-03-21,2021-07-03,DuPage,41.79697,-88.07352,4.44,0.04,,0.1776
9513388,09-06-21,09-07-21,2021-09-07,DuPage,41.77255,-88.14655,0.04,0.04,,0.0016
9464587,07-29-21,07-29-21,2021-07-29,St. Clair,38.52461,-90.01076,0.17,0.15,,0.025500000000000002
9549659,10-05-21,10-06-21,2021-10-06,DuPage,41.79147,-88.0791,0.55,0.15,,0.0825
10659808,08-23-22,08-23-22,2022-08-23,DuPage,41.96025,-87.94361,2.41,0.15,,0.3615
10659801,08-23-22,08-23-22,2022-08-23,DuPage,41.87583,-88.06842,1.17,0.375,,0.43875
10659799,08-23-22,08-23-22,2022-08-23,Cook,41.89686,-87.87837,0.09,0.15,,0.0135
10659796,08-23-22,08-23-22,2022-08-23,DuPage,41.90689,-87.92646,0.07,0.15,,0.0105
10659753,08-23-22,08-23-22,2022-08-23,Cook,41.89085,-87.88364,0.5,0.15,,0.075
10692001,09-01-22,09-29-22,2022-09-29,DuPage,41.85812,-88.07782,0.1,0.04,,0.004
10659776,08-23-22,08-23-22,2022-08-23,DuPage,41.88735,-88.01626,1.37,0.15,,0.20550000000000002
10661402,08-23-22,08-24-22,2022-08-24,Cook,41.99838,-87.88081,0.89,0.15,,0.1335
10667627,08-24-22,08-26-22,2022-08-26,DuPage,41.93871,-88.12505,0.42,0.15,,0.063
10667628,08-24-22,08-26-22,2022-08-26,DuPage,41.93968,-88.12459,0.1,0.04,,0.004
10667629,08-24-22,08-26-22,2022-08-26,Cook,42.00699,-87.90755,2.19,0.15,,0.32849999999999996
11301961,06-30-22,02-08-23,2023-02-13,Bureau,41.32708,-89.30083,154.19,0.375,Mined/Rock Quarry/Gravel Pit Habitats,57.82125
8709345,10-29-20,10-29-20,2020-10-29,Clinton,38.60886,-89.36967,0.31,0.55,Developed/Disturbed area,0.1705
8709344,10-29-20,10-29-20,2020-10-29,Clinton,38.60889,-89.37292,0.01,0.15,Edge: Roadside,0.0015
8708941,10-28-20,10-29-20,2020-10-29,Ford,40.45848,-88.09744,0.57,0.55,Developed/Disturbed area,0.3135
8708942,10-28-20,10-29-20,2020-10-29,Vermilion,40.46294,-87.89616,1.17,0.55,Developed/Disturbed area,0.6435
8709346,10-29-20,10-29-20,2020-10-29,Menard,39.96202,-89.71505,0.11,0.55,Developed/Disturbed area,0.060500000000000005
8708947,10-28-20,10-29-20,2020-10-29,Cumberland,39.2492,-88.1637,0.07,0.15,Developed/Disturbed area,0.0105
8708948,10-28-20,10-29-20,2020-10-29,Clark,39.31305,-87.98697,0.06,0.375,Edge: Roadside,0.0225
8708949,10-28-20,10-29-20,2020-10-29,Crawford,39.00042,-87.90334,0.18,0.375,Developed/Disturbed area,0.0675
8708950,10-28-20,10-29-20,2020-10-29,Richland,38.78431,-88.09435,0.03,0.15,Edge: Roadside,0.0045
8708951,10-29-20,10-29-20,2020-10-29,Alexander,36.99734,-89.16588,0.13,0.55,Developed/Disturbed area,0.07150000000000001
8708952,10-29-20,10-29-20,2020-10-29,Alexander,36.9977,-89.17016,0.04,0.55,Developed/Disturbed area,0.022000000000000002
8709338,10-29-20,10-29-20,2020-10-29,Gallatin,37.88896,-88.30157,0.15,0.375,Edge: Roadside,0.056249999999999994
8709339,10-29-20,10-29-20,2020-10-29,Edwards,38.26191,-87.99349,0.2,0.55,Edge: Roadside,0.11000000000000001
8709340,10-29-20,10-29-20,2020-10-29,Wabash,38.40468,-87.77722,5.45,0.375,Developed/Disturbed area,2.04375
8709341,10-29-20,10-29-20,2020-10-29,Wabash,38.40372,-87.77115,0.59,0.375,Developed/Disturbed area,0.22125
8709342,10-29-20,10-29-20,2020-10-29,Jefferson,38.30574,-88.89377,0.01,0.375,Developed/Disturbed area,0.00375
8709343,10-29-20,10-29-20,2020-10-29,Jefferson,38.313,-88.89385,0.01,0.15,Edge: Roadside,0.0015
8708943,10-28-20,10-29-20,2020-10-29,Edgar,39.80094,-87.80789,0.08,0.375,Developed/Disturbed area,0.03
8708944,10-28-20,10-29-20,2020-10-29,Edgar,39.80033,-87.67976,0.02,0.375,Developed/Disturbed area,0.0075
8708945,10-28-20,10-29-20,2020-10-29,Edgar,39.80117,-87.68054,0.12,0.55,Developed/Disturbed area,0.066
8708946,10-28-20,10-29-20,2020-10-29,Douglas,39.79851,-87.98585,0.25,0.375,Developed/Disturbed area,0.09375
8699368,10-09-20,10-13-20,2020-10-13,Kane,42.05306,-88.54774,0.24,0.55,Developed/Disturbed area,0.132
8699369,10-12-20,10-13-20,2020-10-13,Cook,41.65239,-87.67996,7.58,0.55,Edge: Roadside,4.1690000000000005
8682327,09-25-20,09-29-20,2020-09-29,Kane,42.04318,-88.3781,0.58,0.375,Ag. Field,0.21749999999999997
8682328,09-29-20,09-29-20,2020-09-29,Kane,42.0966,-88.28641,0.03,0.375,Yard/Garden,0.01125
8682329,09-29-20,09-29-20,2020-09-29,Kane,42.09597,-88.28692,0.04,0.55,Edge: Roadside,0.022000000000000002
8682330,09-29-20,09-29-20,2020-09-29,Kane,42.09857,-88.28638,0.13,0.55,Managed Areas,0.07150000000000001
8682331,09-29-20,09-29-20,2020-09-29,Kane,42.10252,-88.28455,0.08,0.375,Edge: Roadside,0.03
8682333,09-29-20,09-29-20,2020-09-29,Kane,42.10735,-88.28751,0.59,0.55,Developed/Disturbed area,0.3245
8682334,09-29-20,09-29-20,2020-09-29,Kane,42.10985,-88.29644,0.58,0.55,Developed/Disturbed area,0.319
8682335,09-29-20,09-29-20,2020-09-29,McHenry,42.16838,-88.2906,0.03,0.55,Edge: Roadside,0.0165
8682336,09-29-20,09-29-20,2020-09-29,McHenry,42.18352,-88.27396,0.85,0.15,Edge: Roadside,0.1275
8682337,09-29-20,09-29-20,2020-09-29,McHenry,42.22342,-88.2723,0.34,0.375,Edge: Roadside,0.1275
8682338,09-29-20,09-29-20,2020-09-29,McHenry,42.23812,-88.34002,0.05,0.15,Edge: Roadside,0.0075
8682339,09-29-20,09-29-20,2020-09-29,McHenry,42.39322,-88.60333,0.13,0.375,Edge: Roadside,0.04875
8706427,10-23-20,10-27-20,2020-10-27,Winnebago,42.19959,-89.07899,0.06,0.375,Developed/Disturbed area,0.0225
8706428,10-23-20,10-27-20,2020-10-27,Winnebago,42.16527,-89.04608,0.02,0.04,Grassland/Prairie/Meadow,0.0008
8706429,10-26-20,10-27-20,2020-10-27,Rock Island,41.5364,-90.3641,0.15,0.375,Developed/Disturbed area,0.056249999999999994
8706430,10-26-20,10-27-20,2020-10-27,Rock Island,41.51202,-90.40846,0.6,0.55,Other,0.33
8706420,10-20-20,10-27-20,2020-10-27,DuPage,41.89714,-87.96929,0.04,0.375,Developed/Disturbed area,0.015
8706421,10-20-20,10-27-20,2020-10-27,DuPage,41.89702,-87.97298,0.19,0.55,Developed/Disturbed area,0.10450000000000001
8706422,10-20-20,10-27-20,2020-10-27,DuPage,41.96595,-87.98032,0.01,0.375,Developed/Disturbed area,0.00375
8706423,10-20-20,10-27-20,2020-10-27,Cook,42.00934,-87.9028,0.01,0.04,Developed/Disturbed area,0.0004
8706424,10-20-20,10-27-20,2020-10-27,Cook,42.04558,-87.91224,0.01,0.04,Yard/Garden,0.0004
8706425,10-20-20,10-27-20,2020-10-27,Cook,42.11572,-87.89402,0.04,0.15,Edge: Roadside,0.006
8706431,10-26-20,10-27-20,2020-10-27,Mercer,41.26111,-90.58831,0.09,0.04,,0.0036
8706432,10-26-20,10-27-20,2020-10-27,Henderson,40.95793,-90.94101,0.01,0.04,Forest,0.0004
8706433,10-26-20,10-27-20,2020-10-27,Warren,40.90386,-90.65429,0.03,0.55,Developed/Disturbed area,0.0165
8706434,10-26-20,10-27-20,2020-10-27,McDonough,40.45575,-90.67413,0.11,0.55,Developed/Disturbed area,0.060500000000000005
8706435,10-26-20,10-27-20,2020-10-27,McDonough,40.44845,-90.67373,0.11,0.55,,0.060500000000000005
8706436,10-26-20,10-27-20,2020-10-27,Brown,39.99215,-90.77035,7.35,0.15,Lake,1.1024999999999998
8706437,10-26-20,10-27-20,2020-10-27,Brown,39.97977,-90.76021,1.93,0.55,,1.0615
8706438,10-26-20,10-27-20,2020-10-27,Schuyler,40.02279,-90.54181,1.04,0.375,Ag. Field,0.39
8706439,10-26-20,10-27-20,2020-10-27,Cass,40.0163,-90.43606,0.46,0.375,Yard/Garden,0.17250000000000001
8706442,10-27-20,10-27-20,2020-10-27,Scott,39.75167,-90.5341,0.07,0.55,Grassland/Prairie/Meadow,0.038500000000000006
8706443,10-27-20,10-27-20,2020-10-27,Pike,39.69767,-91.03924,0.07,0.15,Grassland/Prairie/Meadow,0.0105
8706444,10-27-20,10-27-20,2020-10-27,Pike,39.69918,-91.03894,0.26,0.55,Yard/Garden,0.14300000000000002
8706445,10-27-20,10-27-20,2020-10-27,Adams,39.78607,-91.18381,0.09,0.55,Developed/Disturbed area,0.0495
8706446,10-27-20,10-27-20,2021-01-05,Calhoun,39.35101,-90.77693,0.05,0.375,Grassland/Prairie/Meadow,0.018750000000000003
8706449,10-27-20,10-27-20,2020-10-27,Macoupin,39.27824,-89.86905,1.13,0.55,Edge: Roadside,0.6214999999999999
8706450,10-27-20,10-27-20,2020-10-27,Montgomery,39.16164,-89.49686,0.39,0.375,Edge: Roadside,0.14625
8706451,10-27-20,10-27-20,2020-10-27,Christian,39.391,-89.09631,0.07,0.375,Edge: Roadside,0.026250000000000002
8706452,10-27-20,10-27-20,2020-10-27,Christian,39.38768,-89.08402,0.05,0.55,Developed/Disturbed area,0.027500000000000004
8706453,10-27-20,10-27-20,2020-10-27,Shelby,39.40403,-88.79182,0.43,0.375,Developed/Disturbed area,0.16125
8706454,10-27-20,10-27-20,2020-10-27,Shelby,39.40328,-88.79091,5.97,0.55,Developed/Disturbed area,3.2835
8706455,10-27-20,10-27-20,2020-10-27,Moultrie,39.71267,-88.80405,0.04,0.55,Edge: Roadside,0.022000000000000002
8706456,10-27-20,10-27-20,2020-10-27,Piatt,40.02781,-88.57837,3.0,0.55,Developed/Disturbed area,1.6500000000000001
8699366,10-06-20,10-13-20,2020-10-13,Perry,38.08486,-89.3821,0.73,0.375,Edge: Roadside,0.27375
8699367,10-09-20,10-13-20,2020-10-13,Kane,42.05363,-88.54649,0.09,0.375,Developed/Disturbed area,0.03375
8702476,10-13-20,10-20-20,2020-10-20,Lake,42.39398,-88.18284,0.06,0.55,Edge: Roadside,0.033
8702477,10-15-20,10-20-20,2020-10-20,Cook,41.63018,-87.86921,1.65,0.15,Grassland/Prairie/Meadow,0.24749999999999997
8702478,10-17-20,10-20-20,2020-10-20,Winnebago,42.45652,-89.03992,0.03,0.55,Developed/Disturbed area,0.0165
8702479,10-17-20,10-20-20,2020-10-20,Winnebago,42.45564,-89.05232,0.94,0.55,Edge: Roadside,0.517
8702480,10-17-20,10-20-20,2020-10-20,Winnebago,42.31437,-89.35853,0.01,0.55,Developed/Disturbed area,0.0055000000000000005
8702481,10-17-20,10-20-20,2020-10-20,Winnebago,42.31165,-89.36136,0.02,0.375,Yard/Garden,0.0075
8702482,10-19-20,10-20-20,2020-10-20,Lee,41.83121,-89.47058,0.18,0.375,Edge: Roadside,0.0675
8702483,10-19-20,10-20-20,2020-10-20,Lee,41.83183,-89.49472,0.02,0.15,Developed/Disturbed area,0.003
8702484,10-19-20,10-20-20,2020-10-20,Lee,41.83086,-89.50171,0.01,0.375,Developed/Disturbed area,0.00375
8702485,10-19-20,10-20-20,2020-10-20,Lee,41.82585,-89.5155,0.31,0.375,Mined/Rock Quarry/Gravel Pit Habitats,0.11624999999999999
8702486,10-19-20,10-20-20,2020-10-20,Whiteside,41.78342,-89.6776,5.08,0.55,Developed/Disturbed area,2.7940000000000005
8702487,10-19-20,10-20-20,2020-10-20,Whiteside,41.78646,-89.67631,0.09,0.15,Developed/Disturbed area,0.0135
8702488,10-19-20,10-20-20,2020-10-20,Whiteside,41.78083,-89.69658,0.6,0.55,Developed/Disturbed area,0.33
8702489,10-19-20,10-20-20,2020-10-20,Whiteside,41.78371,-89.70622,12.64,0.375,Edge: Roadside,4.74
8702490,10-19-20,10-20-20,2020-10-20,Whiteside,41.78739,-89.69095,0.36,0.375,Developed/Disturbed area,0.135
8710091,10-31-20,10-31-20,2020-10-31,DeWitt,40.24532,-88.64394,0.35,0.55,Edge: Roadside,0.1925
8710092,10-31-20,10-31-20,2020-10-31,Moultrie,39.71323,-88.63774,0.03,0.55,Edge: Roadside,0.0165
8686868,09-29-20,10-06-20,2020-10-06,McHenry,42.41831,-88.61442,0.44,0.55,Edge: Roadside,0.24200000000000002
8686869,09-29-20,10-06-20,2020-10-06,Boone,42.2534,-88.8485,0.33,0.55,Edge: Roadside,0.18150000000000002
8686870,09-29-20,10-06-20,2020-10-06,Kane,42.01507,-88.27119,1.06,0.375,Other,0.3975
8686871,09-29-20,10-06-20,2020-10-06,Kane,42.01898,-88.27186,0.18,0.55,Edge: Roadside,0.099
8686872,10-06-20,10-06-20,2020-10-06,Marion,38.61626,-89.11854,0.01,0.15,Developed/Disturbed area,0.0015
8686873,10-06-20,10-06-20,2020-10-06,Marion,38.61545,-89.12124,0.03,0.55,Developed/Disturbed area,0.0165
9454712,07-21-21,07-21-21,2021-07-21,Cook,,,0.5,0.04,Yard/Garden,0.02
9454717,07-21-21,07-21-21,2021-07-21,Cook,41.95062,-87.7241,0.5,0.04,Yard/Garden,0.02
8773954,12-11-20,12-11-20,2020-12-11,Will,41.40172,-87.60587,0.02,0.04,,0.0008
8774177,12-14-20,12-14-20,2020-12-14,Ogle,42.03313,-89.32791,0.02,0.04,,0.0008
9550313,10-08-21,10-09-21,2021-10-09,Winnebago,42.2558,-89.07405,1.0,0.15,,0.15
9609663,10-27-21,10-28-21,2021-10-28,Will,41.6075,-88.18132,0.2,0.15,,0.03
9609664,10-27-21,10-28-21,2021-10-28,Will,41.60592,-88.18519,0.1,0.15,,0.015
9609665,10-27-21,10-28-21,2021-10-28,Will,41.60847,-88.18728,0.12,0.15,,0.018
9609666,10-27-21,10-28-21,2021-10-28,Will,41.60855,-88.18518,0.1,0.15,,0.015
9609667,10-27-21,10-28-21,2021-10-28,Will,41.60849,-88.18436,0.2,0.625,,0.125
9609668,10-27-21,10-28-21,2021-10-28,Will,41.60832,-88.1834,1.0,0.15,,0.15
9521650,09-15-21,09-15-21,2021-09-15,Cook,41.66592,-87.67458,0.5,0.15,,0.075
9521658,09-15-21,09-15-21,2021-09-15,Cook,41.57478,-87.66181,0.1,0.04,Edge: Roadside,0.004
9455524,07-21-21,07-22-21,2021-07-22,Cook,41.98854,-87.72181,200.0,0.15,,30.0
10690487,10-22-21,09-26-22,2022-09-26,Cook,42.00074,-87.88546,0.02,0.625,,0.0125
10725062,10-19-22,10-20-22,2022-10-20,Will,41.49606,-88.13271,1.6,0.375,,0.6000000000000001
10725051,10-19-22,10-20-22,2022-10-20,Will,41.48176,-88.14297,0.3,0.375,,0.11249999999999999
10725052,10-04-22,10-20-22,2022-10-20,Will,41.48066,-88.14246,3.68,0.625,,2.3000000000000003
10725054,10-19-22,10-20-22,2022-10-20,Will,41.47861,-88.14482,0.08,0.625,,0.05
9542799,09-24-21,09-25-21,2021-09-25,Sangamon,39.85017,-89.71233,100.0,0.375,,37.5
9517233,09-09-21,09-09-21,2021-09-09,Sangamon,39.83514,-89.64999,0.54,0.15,,0.081
9518259,09-09-21,09-09-21,2021-09-09,Sangamon,39.75859,-89.58592,25.0,0.15,,3.75
9518260,09-09-21,09-09-21,2021-09-09,Sangamon,39.75871,-89.58594,10.0,0.04,,0.4
9521541,09-14-21,09-14-21,2021-09-14,Sangamon,39.73929,-89.61477,4.4,0.15,,0.66
9599407,10-19-21,10-21-21,2021-10-21,Sangamon,39.8557,-89.61076,4.3,0.375,,1.6124999999999998
9613398,10-27-21,11-01-21,2021-11-01,McLean,40.4907,-89.00047,15.0,0.04,,0.6
9613402,10-27-21,11-01-21,2021-11-01,McLean,40.48055,-89.0135,0.01,0.375,,0.00375
9613406,10-27-21,11-01-21,2021-11-01,McLean,40.48,-89.01288,100.0,0.375,,37.5
9609499,10-26-21,10-26-21,2021-10-26,Sangamon,39.8441,-89.62188,4.87,0.15,,0.7305
9521665,09-15-21,09-15-21,2021-09-15,LaSalle,41.1049,-89.04435,2.0,0.375,Edge: Roadside,0.75
10492678,06-09-22,06-18-22,2022-06-18,Cook,41.90008,-87.73684,0.02,0.04,,0.0008
